{"generatedAt":"2026-07-22T23:31:43.846Z","totalCharities":65377,"withAis":50442,"totalRevenue":174180933691,"totalDonations":12219778467,"totalGovRevenue":85341222978,"totalExpenses":170723448812,"totalEmployeeExpenses":91618088306,"totalGrantsMade":9739541024,"totalVolunteers":3664053,"totalFte":946997.6900000018,"byState":{"ACT":{"count":1362,"revenue":5151141896,"donations":214815960,"perCapita":282.9248026589115},"NSW":{"count":20346,"revenue":56011646118,"donations":5411673214,"perCapita":239.95188225304273},"NT":{"count":881,"revenue":2511457235,"donations":66086869,"perCapita":342.4018655266226},"QLD":{"count":9521,"revenue":25196894786,"donations":1196109330,"perCapita":168.54608861902318},"SA":{"count":4265,"revenue":8817533017,"donations":417573786,"perCapita":225.88845929770667},"TAS":{"count":1412,"revenue":3549208205,"donations":133492034,"perCapita":245.26663192635056},"VIC":{"count":15076,"revenue":46468869375,"donations":3224569499,"perCapita":214.9905881010781},"WA":{"count":5957,"revenue":19581828388,"donations":919737832,"perCapita":195.84442910214685},"OTHER":{"count":6557,"revenue":6892354671,"donations":635719943,"perCapita":0}},"bySize":{"S":42927,"M":9151,"L":6417,"U":6882},"byPurpose":{"animals":{"count":1226,"revenue":765732334,"donations":369572456},"culture":{"count":6173,"revenue":5453487476,"donations":649459995},"education":{"count":13490,"revenue":75216332927,"donations":2041318365},"health":{"count":6976,"revenue":30728739161,"donations":2479477632},"policy":{"count":642,"revenue":2157837209,"donations":163825212},"environment":{"count":2833,"revenue":3118193597,"donations":715079103},"human_rights":{"count":851,"revenue":2461828172,"donations":609653157},"general_public":{"count":7366,"revenue":23387631077,"donations":1947559147},"reconciliation":{"count":1641,"revenue":2969044516,"donations":371978159},"religion":{"count":18089,"revenue":26278883843,"donations":2474821807},"social_welfare":{"count":14357,"revenue":39285785204,"donations":3296239381},"security":{"count":1134,"revenue":1085190194,"donations":104025555}},"byBeneficiary":{"aboriginal_tsi":{"count":16433,"revenue":75214960685,"donations":3960054902},"adults":{"count":28597,"revenue":82479360777,"donations":5811195059},"aged_persons":{"count":26025,"revenue":79021561763,"donations":5329165781},"children":{"count":25696,"revenue":84721117246,"donations":6005432706},"overseas_communities":{"count":5554,"revenue":16304902331,"donations":2797078096},"early_childhood":{"count":17845,"revenue":60850211339,"donations":4985794105},"ethnic_groups":{"count":17634,"revenue":62398409735,"donations":3516622266},"families":{"count":27252,"revenue":58169920031,"donations":5963682508},"females":{"count":22491,"revenue":70286183814,"donations":4464230114},"financially_disadvantaged":{"count":19026,"revenue":64072651194,"donations":3929497236},"lgbtiqa":{"count":1240,"revenue":40366473,"donations":10124647},"general_community":{"count":25235,"revenue":71556164187,"donations":4893514945},"males":{"count":21214,"revenue":66111266115,"donations":3811553858},"migrants_refugees":{"count":4841,"revenue":10021794921,"donations":748533494},"other_beneficiaries":{"count":3511,"revenue":14796035691,"donations":1113674118},"other_charities":{"count":8117,"revenue":8255388572,"donations":1511267403},"homelessness_risk":{"count":11570,"revenue":35344949644,"donations":2438625606},"chronic_illness":{"count":9852,"revenue":38030413162,"donations":2687206725},"disabilities":{"count":15992,"revenue":69470111297,"donations":3224104757},"pre_post_offenders":{"count":4597,"revenue":11341957492,"donations":837076916},"rural_regional":{"count":17951,"revenue":64915820663,"donations":4205368186},"unemployed":{"count":11444,"revenue":29667470718,"donations":1980474807},"veterans":{"count":6919,"revenue":16104690911,"donations":772158763},"victims_crime":{"count":6701,"revenue":20078099175,"donations":1487189303},"victims_disasters":{"count":5984,"revenue":13823007683,"donations":2184559513},"youth":{"count":29055,"revenue":111682249918,"donations":6972886934},"animals_b":{"count":2896,"revenue":4884301940,"donations":757527722},"environment_b":{"count":3929,"revenue":12471891466,"donations":1324230053}},"registrationsByYear":{"2000":2,"2002":1,"2011":1,"2012":37248,"2013":1153,"2014":1786,"2015":1594,"2016":1610,"2017":1694,"2018":1940,"2019":1890,"2020":2052,"2021":2427,"2022":2313,"2023":3245,"2024":2762,"2025":2767,"2026":818}}