{"generatedAt":"2026-06-24T12:29:15.495Z","totalCharities":65231,"withAis":50539,"totalRevenue":174254240953,"totalDonations":12222550686,"totalGovRevenue":85371165420,"totalExpenses":170803345396,"totalEmployeeExpenses":91667406646,"totalGrantsMade":9740330597,"totalVolunteers":3666245,"totalFte":947376.6000000016,"byState":{"ACT":{"count":1358,"revenue":5148276942,"donations":214826576,"perCapita":282.0938928126298},"NSW":{"count":20286,"revenue":56029314401,"donations":5413827407,"perCapita":239.2442683272007},"NT":{"count":877,"revenue":2511457235,"donations":66086869,"perCapita":340.847260007773},"QLD":{"count":9497,"revenue":25206128124,"donations":1197361693,"perCapita":168.12122714156737},"SA":{"count":4262,"revenue":8828798626,"donations":416899361,"perCapita":225.72956940839998},"TAS":{"count":1407,"revenue":3549210645,"donations":133492034,"perCapita":244.3981240229286},"VIC":{"count":15040,"revenue":46480962126,"donations":3224864230,"perCapita":214.47721179624668},"WA":{"count":5947,"revenue":19590224076,"donations":920224981,"perCapita":195.51566558174707},"OTHER":{"count":6557,"revenue":6909868778,"donations":634967535,"perCapita":0}},"bySize":{"S":42950,"M":9116,"L":6379,"U":6786},"byPurpose":{"animals":{"count":1225,"revenue":765734532,"donations":369571657},"culture":{"count":6142,"revenue":5470278007,"donations":649305894},"education":{"count":13438,"revenue":75218907339,"donations":2041622513},"health":{"count":6972,"revenue":30765852877,"donations":2480130710},"policy":{"count":641,"revenue":2176537073,"donations":163825212},"environment":{"count":2824,"revenue":3118830001,"donations":715089128},"human_rights":{"count":852,"revenue":2480546800,"donations":609645372},"general_public":{"count":7354,"revenue":23415882146,"donations":1947892640},"reconciliation":{"count":1638,"revenue":2987563045,"donations":371899178},"religion":{"count":18037,"revenue":26282982904,"donations":2477368276},"social_welfare":{"count":14318,"revenue":39341355914,"donations":3297766912},"security":{"count":1132,"revenue":1103979701,"donations":104035478}},"byBeneficiary":{"aboriginal_tsi":{"count":16288,"revenue":74315706532,"donations":3982232376},"adults":{"count":28452,"revenue":82347913203,"donations":5775360193},"aged_persons":{"count":25910,"revenue":78788648823,"donations":5296302791},"children":{"count":25591,"revenue":84168905389,"donations":5989211664},"overseas_communities":{"count":5521,"revenue":16326820073,"donations":2798154750},"early_childhood":{"count":17728,"revenue":60249934609,"donations":4975862581},"ethnic_groups":{"count":17500,"revenue":61660329747,"donations":3537149618},"families":{"count":27095,"revenue":57977029438,"donations":5994736485},"females":{"count":22364,"revenue":69644240042,"donations":4441261134},"financially_disadvantaged":{"count":18919,"revenue":63351426275,"donations":3922578509},"lgbtiqa":{"count":1235,"revenue":32809570,"donations":5639243},"general_community":{"count":25109,"revenue":71931217969,"donations":4887833666},"males":{"count":21086,"revenue":65490102750,"donations":3790744026},"migrants_refugees":{"count":4728,"revenue":10004974394,"donations":745530278},"other_beneficiaries":{"count":3492,"revenue":14816599436,"donations":1107664999},"other_charities":{"count":8057,"revenue":8487062129,"donations":1502337963},"homelessness_risk":{"count":11519,"revenue":35360399329,"donations":2441178586},"chronic_illness":{"count":9838,"revenue":38285336359,"donations":2681197417},"disabilities":{"count":15926,"revenue":68946518125,"donations":3208515600},"pre_post_offenders":{"count":4586,"revenue":11292517155,"donations":825691092},"rural_regional":{"count":17875,"revenue":64908700324,"donations":4222826485},"unemployed":{"count":11394,"revenue":30157359764,"donations":1974403030},"veterans":{"count":6895,"revenue":15574801744,"donations":753902816},"victims_crime":{"count":6669,"revenue":20075156564,"donations":1486489255},"victims_disasters":{"count":5951,"revenue":13231821066,"donations":2165859476},"youth":{"count":28883,"revenue":111357805237,"donations":6941697688},"animals_b":{"count":2892,"revenue":4388206895,"donations":756938548},"environment_b":{"count":3938,"revenue":11994725600,"donations":1323112182}},"registrationsByYear":{"2000":2,"2002":1,"2011":1,"2012":37293,"2013":1156,"2014":1785,"2015":1595,"2016":1614,"2017":1698,"2018":1946,"2019":1898,"2020":2057,"2021":2432,"2022":2317,"2023":3247,"2024":2759,"2025":2723,"2026":633}}