{"generatedAt":"2026-07-01T04:52:33.076Z","totalCharities":65270,"withAis":50525,"totalRevenue":174250237365,"totalDonations":12222945092,"totalGovRevenue":85371023356,"totalExpenses":170799154586,"totalEmployeeExpenses":91663391257,"totalGrantsMade":9740570487,"totalVolunteers":3666084,"totalFte":947335.300000002,"byState":{"ACT":{"count":1360,"revenue":5151249457,"donations":214826576,"perCapita":282.5093477357707},"NSW":{"count":20302,"revenue":56024841083,"donations":5414282423,"perCapita":239.43296537409188},"NT":{"count":878,"revenue":2511457235,"donations":66086869,"perCapita":341.23591138748543},"QLD":{"count":9503,"revenue":25206080460,"donations":1197343406,"perCapita":168.22744251093133},"SA":{"count":4263,"revenue":8827477875,"donations":416869688,"perCapita":225.78253270483557},"TAS":{"count":1408,"revenue":3549210645,"donations":133492034,"perCapita":244.57182560361298},"VIC":{"count":15045,"revenue":46478314014,"donations":3224852533,"perCapita":214.54851406080658},"WA":{"count":5954,"revenue":19591506930,"donations":920223089,"perCapita":195.7458000460269},"OTHER":{"count":6557,"revenue":6910099666,"donations":634968474,"perCapita":0}},"bySize":{"S":42980,"M":9114,"L":6403,"U":6773},"byPurpose":{"animals":{"count":1225,"revenue":765734532,"donations":369571657},"culture":{"count":6148,"revenue":5471924726,"donations":649305894},"education":{"count":13443,"revenue":75220445684,"donations":2041597323},"health":{"count":6979,"revenue":30765845662,"donations":2480123495},"policy":{"count":642,"revenue":2176537073,"donations":163825212},"environment":{"count":2825,"revenue":3118830001,"donations":715089128},"human_rights":{"count":852,"revenue":2480546800,"donations":609645372},"general_public":{"count":7358,"revenue":23415587343,"donations":1947634414},"reconciliation":{"count":1639,"revenue":2987563045,"donations":371899178},"religion":{"count":18046,"revenue":26283989621,"donations":2478088072},"social_welfare":{"count":14336,"revenue":39336759101,"donations":3297734265},"security":{"count":1132,"revenue":1103979701,"donations":104035478}},"byBeneficiary":{"aboriginal_tsi":{"count":16353,"revenue":74909416403,"donations":3988882616},"adults":{"count":28520,"revenue":82456466593,"donations":5793860529},"aged_persons":{"count":25970,"revenue":79321187028,"donations":5308387142},"children":{"count":25612,"revenue":84668442640,"donations":5992746537},"overseas_communities":{"count":5558,"revenue":16326914294,"donations":2798319873},"early_childhood":{"count":17761,"revenue":60788729766,"donations":4982465900},"ethnic_groups":{"count":17570,"revenue":62165665186,"donations":3539553669},"families":{"count":27164,"revenue":58000223034,"donations":5997474859},"females":{"count":22426,"revenue":70271777478,"donations":4453442280},"financially_disadvantaged":{"count":18984,"revenue":63983650458,"donations":3930745170},"lgbtiqa":{"count":1238,"revenue":32055266,"donations":5381331},"general_community":{"count":25122,"revenue":71450322218,"donations":4887570347},"males":{"count":21153,"revenue":66111085436,"donations":3803159857},"migrants_refugees":{"count":4777,"revenue":10073165543,"donations":744011786},"other_beneficiaries":{"count":3498,"revenue":14812909406,"donations":1104958520},"other_charities":{"count":8098,"revenue":8482185546,"donations":1499387893},"homelessness_risk":{"count":11531,"revenue":35355020707,"donations":2437960717},"chronic_illness":{"count":9854,"revenue":38308773340,"donations":2688429932},"disabilities":{"count":15951,"revenue":69479991256,"donations":3217110084},"pre_post_offenders":{"count":4592,"revenue":11292673649,"donations":825710178},"rural_regional":{"count":17910,"revenue":64926053014,"donations":4247368666},"unemployed":{"count":11405,"revenue":29667913621,"donations":1973674633},"veterans":{"count":6904,"revenue":16073822449,"donations":757487421},"victims_crime":{"count":6679,"revenue":20068772467,"donations":1482487437},"victims_disasters":{"count":5963,"revenue":13795380091,"donations":2173665389},"youth":{"count":28956,"revenue":111402823202,"donations":6956020567},"animals_b":{"count":2894,"revenue":4884193299,"donations":757456833},"environment_b":{"count":3940,"revenue":12491508517,"donations":1323929109}},"registrationsByYear":{"2000":2,"2002":1,"2011":1,"2012":37289,"2013":1156,"2014":1788,"2015":1594,"2016":1613,"2017":1698,"2018":1944,"2019":1897,"2020":2056,"2021":2433,"2022":2317,"2023":3248,"2024":2760,"2025":2730,"2026":669}}